Model,Accuracy,F1-Score,Inference (ms),Size (KB)
Decision Tree,1.0,1.0,0.00010933979132993084,1.3134765625
Logistic Regression,1.0,1.0,8.079996844925514e-05,0.7900390625
XGBoost,1.0,1.0,0.00025472106236233027,112.9287109375
