Model,Accuracy,F1-Weighted,F1-Macro
Random Forest,0.9939393939393939,0.9939326524421073,0.9939326524421074
LightGBM,0.990909090909091,0.9909023494118042,0.9909023494118042
