Actuator,MSE,R²
Water Pump,0.24667440864585166,0.9997709480821461
Nutrient Pump,0.21532879943270722,0.9986169242808188
LED Lights,19.502715430389184,0.9695746397318146
Fan,26.850423014685745,0.9857821913033556
Heater,5.6347662896397175,0.9812167754438069
