Model,RMSE,MAE,R²,MAPE (%)
LightGBM,1175.764793620305,1059.0268637567103,0.0017510748860335434,29.943601520551017
CatBoost,1187.3191092166821,1059.4147474180024,-0.01796503886827261,30.068559964785617
Random Forest,1212.1556194257603,1084.1195804714835,-0.06099834378507474,30.781511469769775
